SEM_ID,compositions,Avg_Diameter_um,Pore_Area_Fraction,Particle_Area_Fraction,Aspect_Ratio_Avg,Circularity_Avg,Elongation_Avg,Agglomeration_Degree,Grain_Boundary_Density,Fractal_Dimension,H2.Uptake.wt..,parsed_composition,n_elements,avg_atomic_mass,avg_radius,atomic_size_mismatch_pct,electronegativity_mismatch,pearson_VEC,mixing_entropy_J_per_molK
SEM_001,MgMg₂NiLaH,14.14,0.68,0.32,2.15,1.44,0.51,0.32,0.12,1.76,7.19,Mg:0.400000;Ni:0.200000;La:0.200000;H:0.200000,4,49.45,1.32,43.28,0.42,2.80,11.08
SEM_002,MgMg₂NiLaH,905.83,0,1,1.43,0.76,0.3,1,0.07,1.85,5.89,Mg:0.400000;Ni:0.200000;La:0.200000;H:0.200000,4,49.45,1.32,43.28,0.42,2.80,11.08
SEM_003,Ti₁₉Hf₄V₄₀Mn₃₅Cr₂,21.75,0.71,0.29,8.79,0.95,0.4,0.29,0.03,1.6,3.55,Ti:0.200000;Hf:0.200000;V:0.200000;Mn:0.200000;Cr:0.200000,5,76.85,1.39,8.34,0.13,5.00,13.38
SEM_004,Ti₁₉Hf₄V₄₀Mn₃₅Cr₂,4.26,0.66,0.34,1.82,1.66,0.48,0.34,0.35,1.81,3.41,Ti:0.200000;Hf:0.200000;V:0.200000;Mn:0.200000;Cr:0.200000,5,76.85,1.39,8.34,0.13,5.00,13.38
SEM_005,Ti₁₉Hf₄V₄₀Mn₃₅Cr₂,14.85,0.77,0.23,2.5,1.2,0.49,0.23,0.09,1.68,3.55,Ti:0.200000;Hf:0.200000;V:0.200000;Mn:0.200000;Cr:0.200000,5,76.85,1.39,8.34,0.13,5.00,13.38
SEM_006,Ti₁₉Hf₄V₄₀Mn₃₅Cr₂,11.55,0.62,0.38,2.23,0.8,0.44,0.38,0.19,1.87,3.57,Ti:0.200000;Hf:0.200000;V:0.200000;Mn:0.200000;Cr:0.200000,5,76.85,1.39,8.34,0.13,5.00,13.38
SEM_007,LaMgNi ,10.01,0.08,0.92,1.85,1.73,0.45,0.92,0.1,1.86,4.82,La:0.333333;Mg:0.333333;Ni:0.333333,3,73.98,1.58,16.45,0.34,3.67,9.13
SEM_008,LaMgNi ,12.58,0.98,0.02,2.34,0.63,0.46,0.02,0.03,1.09,5.44,La:0.333333;Mg:0.333333;Ni:0.333333,3,73.98,1.58,16.45,0.34,3.67,9.13
SEM_009,LaMgNi ,191.88,0.02,0.98,1.24,0.92,0.18,0.98,0.11,1.88,4.8,La:0.333333;Mg:0.333333;Ni:0.333333,3,73.98,1.58,16.45,0.34,3.67,9.13
SEM_010,LaMgNi ,8.88,0.83,0.17,3.11,1.83,0.52,0.17,0.04,1.64,5.47,La:0.333333;Mg:0.333333;Ni:0.333333,3,73.98,1.58,16.45,0.34,3.67,9.13
SEM_011,LaMgNi ,16.79,0.53,0.47,1.84,1.28,0.4,0.47,0.19,1.81,1.44,La:0.333333;Mg:0.333333;Ni:0.333333,3,73.98,1.58,16.45,0.34,3.67,9.13
SEM_013,MgNiLa,16.25,0.5,0.5,1.64,1.02,0.35,0.5,0.2,1.84,7.19,Mg:0.333333;Ni:0.333333;La:0.333333,3,73.98,1.58,16.45,0.34,3.67,9.13
SEM_014,MgNiLaH,7.78,0.43,0.57,2.47,1.71,0.47,0.57,0.17,1.86,7.19,Mg:0.250000;Ni:0.250000;La:0.250000;H:0.250000,4,55.74,1.24,49.53,0.44,3.00,11.53
SEM_015,TiZrFeNi,1.87,0.69,0.31,1.16,0.67,0.33,0.31,0.4,1.88,1.64,Ti:0.250000;Zr:0.250000;Fe:0.250000;Ni:0.250000,4,63.42,1.39,11.00,0.23,5.00,11.53
SEM_016,TiZrFeNi,305.53,0,1,60.23,0.41,0.57,1,0.05,1.49,1.38,Ti:0.250000;Zr:0.250000;Fe:0.250000;Ni:0.250000,4,63.42,1.39,11.00,0.23,5.00,11.53
SEM_017,Ce-Mg-Ni,17.74,0.41,0.59,2.02,1.46,0.46,0.59,0.07,1.79,2.6,Ce:0.333333;Mg:0.333333;Ni:0.333333,3,74.38,1.56,15.30,0.34,3.87,9.13
SEM_018,CeMgNiG,769.34,0,1,1.43,0.76,0.3,1,0.12,1.82,2.5,Ce:0.250000;Mg:0.250000;Ni:0.250000;G:0.250000,4,,,,,,11.53
SEM_019,CeMgNiG,26.06,0.14,0.86,1.57,0.45,0.47,0.86,0.2,1.84,2.4,Ce:0.250000;Mg:0.250000;Ni:0.250000;G:0.250000,4,,,,,,11.53
SEM_020,CeMgNiG,584.34,0,1,1.36,0.77,0.26,1,0.21,1.96,2.08,Ce:0.250000;Mg:0.250000;Ni:0.250000;G:0.250000,4,,,,,,11.53
SEM_021,CeMgNiG,472.08,0,1,1.52,0.67,0.34,1,0.19,1.88,2.2,Ce:0.250000;Mg:0.250000;Ni:0.250000;G:0.250000,4,,,,,,11.53
SEM_022,ZK60Ni,475.57,0,1,1.34,0.77,0.25,1,0.12,1.75,6,Z:0.016129;K:0.967742;Ni:0.016129,3,,,,,,1.37
SEM_023,ZK60Ni,23.16,0.45,0.55,6.69,1.69,0.47,0.55,0.04,1.8,6,Z:0.016129;K:0.967742;Ni:0.016129,3,,,,,,1.37
SEM_024,ZK60Ni ,78.84,0.91,0.09,1.95,0.72,0.38,0.09,0.01,1.44,1.25,Z:0.016129;K:0.967742;Ni:0.016129,3,,,,,,1.37
SEM_025,Mg₉₀Y₁.₅Ce₁.₅Ni₇,7.09,0.29,0.71,2.16,1.64,0.45,0.71,0.15,1.89,5.6,Mg:0.250000;Y:0.250000;Ce:0.250000;Ni:0.250000,4,78.01,1.62,14.33,0.31,3.65,11.53
SEM_026,Ti₀.₂V₀.₂Zr₀.₂Nb₀.₂Mo₀.₂,13.59,0.96,0.04,4,0.58,0.54,0.04,0.03,1.17,2.3,Ti:0.200000;V:0.200000;Zr:0.200000;Nb:0.200000;Mo:0.200000,5,75.78,1.43,6.84,0.27,4.80,13.38
SEM_027,Ti₂₇Cr₂₇V₄₀Fe₆ ,10.3,0.66,0.34,1.94,1.18,0.43,0.34,0.07,1.82,3.55,Ti:0.250000;Cr:0.250000;V:0.250000;Fe:0.250000,4,51.67,1.32,6.71,0.11,5.25,11.53
SEM_028,Ti₂₇Cr₂₇V₄₀Fe₆ ,10.26,0.56,0.44,1.93,1.51,0.39,0.44,0.17,1.83,3.55,Ti:0.250000;Cr:0.250000;V:0.250000;Fe:0.250000,4,51.67,1.32,6.71,0.11,5.25,11.53
SEM_029,Ti₁₉Hf₄V₄₀Mn₃₅Cr₂ ,14.3,0.96,0.04,13.01,1.41,0.57,0.04,0.03,1.2,2.34,Ti:0.200000;Hf:0.200000;V:0.200000;Mn:0.200000;Cr:0.200000,5,76.85,1.39,8.34,0.13,5.00,13.38
SEM_030,MgNi,10.79,0.99,0.01,29.33,0.66,0.56,0.01,0.01,0.88,5.47,Mg:0.500000;Ni:0.500000,2,41.51,1.42,12.48,0.30,4.00,5.76
SEM_031,La₀.₈₁Mg₀.₁₉Ni₃.₉,618.67,0,1,1.24,0.78,0.19,1,0.24,1.91,1.5,La:0.333333;Mg:0.333333;Ni:0.333333,3,73.98,1.58,16.45,0.34,3.67,9.13
SEM_034,ZK60Mm ,12.32,0.48,0.52,2.33,2.22,0.43,0.52,0.14,1.8,6.3,Z:0.016129;K:0.967742;Mm:0.016129,3,,,,,,1.37
SEM_035,Mg₈₈Y₁₂ ,7.75,0.53,0.47,1.71,1.75,0.38,0.47,0.22,1.79,6.479,Mg:0.500000;Y:0.500000,2,56.61,1.70,5.88,0.05,2.50,5.76
SEM_036,TiFe6ZrCr₂ ,8.23,0.51,0.49,1.67,1.12,0.42,0.49,0.26,1.8,1.7,Ti:0.111111;Fe:0.666667;Zr:0.111111;Cr:0.111111,4,58.47,1.31,9.56,0.17,5.56,8.34
SEM_037,TiFe6ZrCr₂ ,7.85,0.24,0.76,3.82,2.01,0.4,0.76,0.18,1.87,1.7,Ti:0.111111;Fe:0.666667;Zr:0.111111;Cr:0.111111,4,58.47,1.31,9.56,0.17,5.56,8.34
SEM_038,TiZrNbFeNi,6.98,0.6,0.4,1.8,1.76,0.43,0.4,0.19,1.77,1.64,Ti:0.200000;Zr:0.200000;Nb:0.200000;Fe:0.200000;Ni:0.200000,5,69.32,1.40,9.85,0.21,5.00,13.38
SEM_039,Ti₂₀Zr₂₀Nb₅Fe₄₀Ni₁₅ ,1.98,0.66,0.34,1.15,0.65,0.33,0.34,0.39,1.88,1.38,Ti:0.200000;Zr:0.200000;Nb:0.200000;Fe:0.200000;Ni:0.200000,5,69.32,1.40,9.85,0.21,5.00,13.38
SEM_040,ZK60Mm,6,0.61,0.39,1.7,1.44,0.42,0.39,0.2,1.86,6,Z:0.016129;K:0.967742;Mm:0.016129,3,,,,,,1.37
SEM_041,ZK60Mm,7,0.58,0.42,1.75,1.52,0.42,0.42,0.21,1.87,6.95,Z:0.016129;K:0.967742;Mm:0.016129,3,,,,,,1.37
SEM_042,ZK60Mm,437.11,0,1,1.52,0.67,0.34,1,0.22,1.82,1.25,Z:0.016129;K:0.967742;Mm:0.016129,3,,,,,,1.37
SEM_043,La₀.₉Y₀.₁MgNi₀.₈Al₀.₂,569.96,0.01,0.99,1.16,0.78,0.14,0.99,0.18,1.83,1.184,La:0.200000;Y:0.200000;Mg:0.200000;Ni:0.200000;Al:0.200000,5,67.56,1.59,14.65,0.29,3.40,13.38
SEM_044,La₀.₈Y₀.₂MgNi₀.₈Al₀.₂,7.58,0.21,0.79,2.09,1.76,0.49,0.79,0.28,1.82,1.305,La:0.200000;Y:0.200000;Mg:0.200000;Ni:0.200000;Al:0.200000,5,67.56,1.59,14.65,0.29,3.40,13.38
SEM_045,La₀.₇Y₀.₃MgNi₃.₈Al₀.₂,20.21,0.48,0.52,2.01,2.43,0.59,0.52,0.1,1.7,1.614,La:0.200000;Y:0.200000;Mg:0.200000;Ni:0.200000;Al:0.200000,5,67.56,1.59,14.65,0.29,3.40,13.38
SEM_046,Ti₂₉Cr₂₅V₄₀Fe₆,32.96,0.62,0.38,2.12,0.88,0.41,0.38,0.06,1.65,3.75,Ti:0.250000;Cr:0.250000;V:0.250000;Fe:0.250000,4,51.67,1.32,6.71,0.11,5.25,11.53
SEM_047,Ti₃₀Cr₂₄V₄₀Fe₆,12.67,0.41,0.59,2.34,1.6,0.41,0.59,0.15,1.83,3.6,Ti:0.250000;Cr:0.250000;V:0.250000;Fe:0.250000,4,51.67,1.32,6.71,0.11,5.25,11.53
SEM_048,Ti₂₇Cr₂₇V₄₀Fe₆,100.21,0.02,0.98,1.65,0.79,0.35,0.98,0.18,1.84,3.55,Ti:0.250000;Cr:0.250000;V:0.250000;Fe:0.250000,4,51.67,1.32,6.71,0.11,5.25,11.53
SEM_049,MgNi,33.38,0.06,0.94,1.31,2.75,0.6,0.94,0.14,1.8,2,Mg:0.500000;Ni:0.500000,2,41.51,1.42,12.48,0.30,4.00,5.76
SEM_050,TiVCrMn ,11.87,0.62,0.38,1.99,1.35,0.48,0.38,0.18,1.83,3.7,Ti:0.250000;V:0.250000;Cr:0.250000;Mn:0.250000,4,51.44,1.34,5.72,0.05,5.25,11.53
SEM_051,(ZrTiVFe)0.95Cu0.05,13.1,0.12,0.88,1.5,0.98,0.42,0.88,0.25,1.84,1.112,Zr:0.246914;Ti:0.246914;V:0.246914;Fe:0.246914;Cu:0.012346,5,61.50,1.40,9.87,0.18,4.70,11.94
SEM_052,(ZrTiVFe)0.95Cu0.05,3.81,0.84,0.16,1.66,1.62,0.42,0.16,0.17,1.74,1.112,Zr:0.246914;Ti:0.246914;V:0.246914;Fe:0.246914;Cu:0.012346,5,61.50,1.40,9.87,0.18,4.70,11.94
SEM_053,(ZrTiVFe)0.99Cu0.1,6.73,0.59,0.41,1.71,1.48,0.41,0.41,0.25,1.88,1.112,Zr:0.243902;Ti:0.243902;V:0.243902;Fe:0.243902;Cu:0.024390,5,61.53,1.40,9.87,0.18,4.66,12.20
SEM_054,La₀.₆Y₀.₄MgNi₀.₈Al₀.₂,475.57,0,1,1.34,0.77,0.25,1,0.13,1.79,1.371,La:0.200000;Y:0.200000;Mg:0.200000;Ni:0.200000;Al:0.200000,5,67.56,1.59,14.65,0.29,3.40,13.38
SEM_055,La-Mg,2.08,0.57,0.44,1.15,0.61,0.35,0.44,0.37,1.93,3,La:0.500000;Mg:0.500000,2,81.61,1.74,7.98,0.11,2.50,5.76
SEM_056,La-Mg,8.86,0.98,0.02,2.09,0.8,0.43,0.02,0.01,1.05,3,La:0.500000;Mg:0.500000,2,81.61,1.74,7.98,0.11,2.50,5.76
SEM_057,La-Mg,461.81,0,1,2.33,0.66,0.57,1,0.19,1.92,5.77,La:0.500000;Mg:0.500000,2,81.61,1.74,7.98,0.11,2.50,5.76
SEM_058,V48Fe12Ti15Cr25,7.27,0.78,0.22,1.94,1.12,0.43,0.22,0.13,1.82,1.98,V:0.480000;Fe:0.120000;Ti:0.150000;Cr:0.250000,4,51.34,1.31,5.36,0.08,5.22,10.29
SEM_059,V48Fe12Ti14Cr25Al,28.75,0.58,0.42,1.83,1.48,0.47,0.42,0.07,1.73,1.73,V:0.480000;Fe:0.120000;Ti:0.140000;Cr:0.250000;Al:0.010000,5,51.13,1.31,5.32,0.08,5.21,10.60
SEM_060,TiZrNbMoV,29.6,0.27,0.73,2.45,1.1,0.46,0.73,0.15,1.81,2.3,Ti:0.200000;Zr:0.200000;Nb:0.200000;Mo:0.200000;V:0.200000,5,75.78,1.43,6.84,0.27,4.80,13.38
SEM_061,TiZrNbMoV,58.12,0.14,0.86,1.57,0.5,0.3,0.86,0.05,1.9,0.59,Ti:0.200000;Zr:0.200000;Nb:0.200000;Mo:0.200000;V:0.200000,5,75.78,1.43,6.84,0.27,4.80,13.38
SEM_062,TiZrNbMoV,6.2,0.72,0.28,2.1,1.8,0.49,0.28,0.19,1.83,0.61,Ti:0.200000;Zr:0.200000;Nb:0.200000;Mo:0.200000;V:0.200000,5,75.78,1.43,6.84,0.27,4.80,13.38
SEM_063,Ti₁₀V₈₀Fe₆Zr₄,11.56,0.53,0.47,2.42,1.56,0.47,0.47,0.16,1.83,3.4,Ti:0.250000;V:0.250000;Fe:0.250000;Zr:0.250000,4,61.48,1.41,9.87,0.18,4.75,11.53
SEM_064,Ti₁₅V₇₅Fe₆Zr₄,9.12,0.58,0.43,2.24,1,0.48,0.43,0.2,1.84,3.5,Ti:0.250000;V:0.250000;Fe:0.250000;Zr:0.250000,4,61.48,1.41,9.87,0.18,4.75,11.53
SEM_065,Ti₂₀V₇₀Fe₆Zr₄,12.59,0.74,0.26,2.1,1.28,0.46,0.26,0.14,1.78,3.61,Ti:0.250000;V:0.250000;Fe:0.250000;Zr:0.250000,4,61.48,1.41,9.87,0.18,4.75,11.53
SEM_066,Ti₂₅V₆₅Fe₆Zr₄,2.15,0.52,0.48,1.17,0.66,0.34,0.48,0.37,1.88,3.18,Ti:0.250000;V:0.250000;Fe:0.250000;Zr:0.250000,4,61.48,1.41,9.87,0.18,4.75,11.53
SEM_067,Mg₉₀Ni₅Y₅,33.13,0.02,0.98,1.55,1.17,0.39,0.98,0.23,1.91,6,Mg:0.333333;Ni:0.333333;Y:0.333333,3,57.31,1.55,14.83,0.31,3.67,9.13
SEM_068,Mg₈₅Ni₁₀Y₅,11.45,0.57,0.43,1.61,0.95,0.37,0.43,0.21,1.81,5.8,Mg:0.333333;Ni:0.333333;Y:0.333333,3,57.31,1.55,14.83,0.31,3.67,9.13
SEM_069,Mg₈₀Ni₁₅Y₅,14.55,0.94,0.06,9.39,0.78,0.47,0.06,0.02,1.22,5.4,Mg:0.333333;Ni:0.333333;Y:0.333333,3,57.31,1.55,14.83,0.31,3.67,9.13
SEM_070,Ti₁.₉Zr₀.₁Ni,4.71,0.3,0.7,1.69,2.01,0.47,0.7,0.25,1.82,3.3,Ti:0.333333;Zr:0.333333;Ni:0.333333,3,65.94,1.44,10.21,0.24,4.67,9.13
SEM_071,Ti₁.₈Zr₀.₂Ni,2,0.66,0.34,1.14,0.6,0.32,0.34,0.39,1.88,3.43,Ti:0.333333;Zr:0.333333;Ni:0.333333,3,65.94,1.44,10.21,0.24,4.67,9.13
SEM_072,alloy,152.56,0.02,0.98,32.35,0.41,0.68,0.98,0.28,1.84,2.6,,0,0.00,0.00,0.00,0.00,0.00,0.00
SEM_073,Mg,6.16,0.36,0.64,1.89,1.78,0.47,0.64,0.27,1.93,7,Mg:1.000000,1,24.31,1.60,0.00,0.00,2.00,0.00
SEM_074,MgCo,4.2,0.43,0.57,1.59,1.75,0.39,0.57,0.32,1.94,5,Mg:0.500000;Co:0.500000,2,41.62,1.43,12.28,0.29,4.00,5.76
SEM_075,MgFe,2.83,0.85,0.15,1.75,1.96,0.42,0.15,0.21,1.8,5,Mg:0.500000;Fe:0.500000,2,40.08,1.42,12.67,0.26,4.00,5.76
SEM_076,MgCo,7.24,0.57,0.43,1.67,1.23,0.43,0.43,0.21,1.87,3.2,Mg:0.500000;Co:0.500000,2,41.62,1.43,12.28,0.29,4.00,5.76
SEM_077,MgH₂,4.95,0.88,0.12,2.02,1.58,0.46,0.12,0.1,1.6,7.6,Mg:0.500000;H:0.500000,2,12.66,0.93,72.99,0.45,1.50,5.76
SEM_078,Ti₂₇Cr₂₇V₄₀Fe₆,5.38,0.47,0.53,1.5,1.32,0.39,0.53,0.02,1.82,3.26,Ti:0.250000;Cr:0.250000;V:0.250000;Fe:0.250000,4,51.67,1.32,6.71,0.11,5.25,11.53
SEM_079,LaMgNi,30.46,0.65,0.35,1.79,0.87,0.35,0.35,0.05,1.6,2.6,La:0.333333;Mg:0.333333;Ni:0.333333,3,73.98,1.58,16.45,0.34,3.67,9.13
SEM_080,MgNi,6.89,0.55,0.45,1.74,1.13,0.39,0.45,0.31,1.82,7.1,Mg:0.500000;Ni:0.500000,2,41.51,1.42,12.48,0.30,4.00,5.76
SEM_082,ZK60MgZnZr,5.21,0.57,0.43,1.66,2,0.4,0.43,0.27,1.72,3.1,Z:0.015625;K:0.937500;Mg:0.015625;Zn:0.015625;Zr:0.015625,5,,,,,,2.66
SEM_083,MgNi,8.76,0.46,0.54,1.79,1.3,0.4,0.54,0.27,1.86,6,Mg:0.500000;Ni:0.500000,2,41.51,1.42,12.48,0.30,4.00,5.76
SEM_084,Mg98Ni1·67La0.33 ,7.12,0.56,0.44,1.76,1.13,0.43,0.44,0.31,1.91,7,Mg:0.986610;Ni:0.010067;La:0.003322,3,25.04,1.60,2.44,0.06,2.04,0.65
SEM_085,Mg₉₈Ni₁.₆₇La₀.₃₃ ,17.47,0.53,0.47,1.76,0.76,0.38,0.47,0.2,1.84,2.6,Mg:0.333333;Ni:0.333333;La:0.333333,3,73.98,1.58,16.45,0.34,3.67,9.13
SEM_086,ZK60Mm,20.31,0.57,0.43,1.68,1.1,0.37,0.43,0.18,1.8,3,Z:0.016129;K:0.967742;Mm:0.016129,3,,,,,,1.37
SEM_087,AlMg2TiZn,9.84,0.19,0.81,1.51,3.68,0.38,0.81,0.32,1.91,1.4,Al:0.200000;Mg:0.400000;Ti:0.200000;Zn:0.200000,4,37.78,1.50,5.80,0.15,2.60,11.08
SEM_088,Ti1.04Fe0.7Ni0.1Zr0.1Mn0.1Pr0.06 ,22.37,0.55,0.45,1.66,1.1,0.4,0.45,0.18,1.82,0,Ti:0.495238;Fe:0.333333;Ni:0.047619;Zr:0.047619;Mn:0.047619;Pr:0.028571,6,56.12,1.38,8.85,0.18,4.83,10.40
SEM_089,Ti1.04Fe0.7Ni0.1Zr0.1Mn0.1Pr0.06Ni,10.06,0.6,0.4,2.1,1.48,0.44,0.4,0.14,1.81,24.07,Ti:0.335484;Fe:0.225806;Ni:0.354839;Zr:0.032258;Mn:0.032258;Pr:0.019355,6,56.95,1.34,8.95,0.20,5.21,11.37
SEM_090,Ti1.04Fe0.7Ni0.1Zr0.1Mn0.1Pr0.06Ni ,8.52,0.5,0.5,1.66,1.26,0.37,0.5,0.24,1.87,22.55,Ti:0.335484;Fe:0.225806;Ni:0.354839;Zr:0.032258;Mn:0.032258;Pr:0.019355,6,56.95,1.34,8.95,0.20,5.21,11.37
SEM_091,Ti1.04Fe0.7Ni0.1Zr0.1Mn0.1Pr0.06Ni ,11.51,0.68,0.32,5.18,0.91,0.36,0.32,0.03,1.6,20.99,Ti:0.335484;Fe:0.225806;Ni:0.354839;Zr:0.032258;Mn:0.032258;Pr:0.019355,6,56.95,1.34,8.95,0.20,5.21,11.37
SEM_092,Ti1.04Fe0.7Ni0.1Zr0.1Mn0.1Pr0.06Ni ,3.87,0.83,0.17,1.9,1.83,0.48,0.17,0.16,1.71,20.21,Ti:0.335484;Fe:0.225806;Ni:0.354839;Zr:0.032258;Mn:0.032258;Pr:0.019355,6,56.95,1.34,8.95,0.20,5.21,11.37
SEM_093,Ti1.04Fe0.7Ni0.1Zr0.1Mn0.1Pr0.06Ni ,4.89,0.67,0.33,1.54,1.28,0.35,0.33,0.26,1.93,12.17,Ti:0.335484;Fe:0.225806;Ni:0.354839;Zr:0.032258;Mn:0.032258;Pr:0.019355,6,56.95,1.34,8.95,0.20,5.21,11.37
SEM_094,MgH2Ni0.05 ,10.23,0.56,0.44,1.92,1.9,0.43,0.44,0.21,1.75,5.9,Mg:0.327869;H:0.655738;Ni:0.016393,3,9.59,0.71,89.59,0.42,1.41,5.90
SEM_095,MgH2Ni0.05 ,4.94,0.5,0.5,1.63,1.52,0.37,0.5,0.33,1.95,5.72,Mg:0.327869;H:0.655738;Ni:0.016393,3,9.59,0.71,89.59,0.42,1.41,5.90
SEM_096,MgH2Ni0.05 ,10.04,0.65,0.35,1.39,0.74,0.23,0.35,0.01,1.68,6.01,Mg:0.327869;H:0.655738;Ni:0.016393,3,9.59,0.71,89.59,0.42,1.41,5.90
SEM_097,ZrCoNi,14.63,0.26,0.74,2.76,2.55,0.49,0.74,0.2,1.86,2.6,Zr:0.333333;Co:0.333333;Ni:0.333333,3,69.62,1.37,12.21,0.27,5.33,9.13
SEM_098,ZrCoNi,9.25,0.46,0.54,1.81,1.39,0.5,0.54,0.17,1.73,2.5,Zr:0.333333;Co:0.333333;Ni:0.333333,3,69.62,1.37,12.21,0.27,5.33,9.13
SEM_099,ZrCoNi,5.24,0.52,0.48,1.7,1.41,0.39,0.48,0.24,1.75,2.4,Zr:0.333333;Co:0.333333;Ni:0.333333,3,69.62,1.37,12.21,0.27,5.33,9.13
SEM_100,ZrCoNi,5.23,0.47,0.53,1.85,1.5,0.43,0.53,0.31,1.95,2.3,Zr:0.333333;Co:0.333333;Ni:0.333333,3,69.62,1.37,12.21,0.27,5.33,9.13
SEM_101,Ti0.5V1.4Ni0.1,5.07,0.46,0.54,1.68,1.73,0.42,0.54,0.29,1.95,2.23,Ti:0.250000;V:0.700000;Ni:0.050000,3,50.57,1.35,4.95,0.08,4.80,6.20
SEM_102,Ti0.5V1.3Ni0.2,8.93,0.11,0.89,1.53,0.73,0.46,0.89,0.35,1.83,1.79,Ti:0.250000;V:0.650000;Ni:0.100000,3,50.96,1.35,5.21,0.10,4.85,7.12
SEM_103,Ti1.1-xZr0.1YxFe0.6Ni0.3Mn0.2,21.16,0.08,0.92,2.07,0.89,0.43,0.92,0.25,1.95,1.449,Ti:0.333333;Zr:0.030303;Yx:0.303030;Fe:0.181818;Ni:0.090909;Mn:0.060606,6,,,,,,12.74
SEM_105,Ti1.06Zr0.1Y0.04Fe0.6Ni0.3Mn0.2,4.63,0.87,0.13,1.9,2.27,0.47,0.13,0.09,1.51,1.816,Ti:0.460870;Zr:0.043478;Y:0.017391;Fe:0.260870;Ni:0.130435;Mn:0.086957,6,54.59,1.38,9.11,0.18,4.94,11.58
SEM_106,Ti1.04Zr0.1Y0.06Fe0.6Ni0.3Mn0.2,4.7,0.58,0.42,1.71,2.08,0.43,0.42,0.33,1.94,1.752,Ti:0.452174;Zr:0.043478;Y:0.026087;Fe:0.260870;Ni:0.130435;Mn:0.086957,6,54.95,1.38,9.51,0.18,4.93,11.80
SEM_107,Ti1.02Zr0.1Y0.08Fe0.6Ni0.3Mn0.2,8.43,0.51,0.49,1.76,0.84,0.38,0.49,0.22,1.75,1.735,Ti:0.443478;Zr:0.043478;Y:0.034783;Fe:0.260870;Ni:0.130435;Mn:0.086957,6,55.30,1.38,9.88,0.19,4.92,11.99
SEM_108,La1.5Mg0.5Ni6.5Co0.5,15.93,0.39,0.61,1.99,0.89,0.39,0.61,0.19,1.81,295,La:0.166667;Mg:0.055556;Ni:0.722222;Co:0.055556,4,70.18,1.37,17.57,0.32,5.28,7.11
SEM_109,ZrCo,9.24,0.34,0.66,1.61,2.1,0.37,0.66,0.24,1.82,1.84,Zr:0.500000;Co:0.500000,2,75.08,1.43,12.32,0.28,5.00,5.76
SEM_110,ZrCoPd,6.58,0.22,0.78,1.83,1.02,0.42,0.78,0.21,1.84,1.84,Zr:0.333333;Co:0.333333;Pd:0.333333,3,85.52,1.41,10.32,0.36,5.33,9.13
SEM_111,ZrCoPd,7.66,0.53,0.47,1.74,1.93,0.43,0.47,0.19,1.79,1.84,Zr:0.333333;Co:0.333333;Pd:0.333333,3,85.52,1.41,10.32,0.36,5.33,9.13
SEM_112,LiBH4,7.17,0.22,0.78,2.02,1.53,0.48,0.78,0.26,1.86,1.9,Li:0.166667;B:0.166667;H:0.666667,3,3.63,0.56,85.93,0.45,1.33,7.21
SEM_113,LiBH4FLGrs,6.91,0.6,0.4,1.77,1.38,0.41,0.4,0.22,1.81,7.2,Li:0.111111;B:0.111111;H:0.444444;F:0.111111;L:0.111111;Gr:0.111111,6,,,,,,13.15
SEM_114,BMHMLiBH4,6.67,0.9,0.1,2.75,1.02,0.45,0.1,0.04,1.32,7.5,B:0.200000;M:0.200000;H:0.500000;Li:0.100000,4,,,,,,10.15
SEM_115,Gd5Mg90Ni5,2.64,0.85,0.15,1.39,1.64,0.36,0.15,0.31,1.75,6.16,Gd:0.050000;Mg:0.900000;Ni:0.050000,3,32.68,1.59,5.70,0.13,2.25,3.28
SEM_116,Gd5Mg85Ni10,6.36,0.63,0.37,1.85,1.79,0.45,0.37,0.2,1.8,5.67,Gd:0.050000;Mg:0.850000;Ni:0.100000,3,34.40,1.58,7.50,0.18,2.45,4.31
SEM_117,Gd5Mg80Ni15,7.11,0.94,0.06,1.7,0.7,0.49,0.06,0.05,1.06,5.24,Gd:0.050000;Mg:0.800000;Ni:0.150000,3,36.12,1.56,8.86,0.22,2.65,5.10
SEM_118,Mg65Ni20Cu5Y10,69.19,0.09,0.91,2.2,0.48,0.38,0.91,0.23,1.93,0.25,Mg:0.650000;Ni:0.200000;Cu:0.050000;Y:0.100000,4,39.61,1.53,11.29,0.27,2.85,8.16
SEM_119,Mg65Ni20Cu5Y10,5.94,0.59,0.41,1.76,1.64,0.42,0.41,0.23,1.75,0.65,Mg:0.650000;Ni:0.200000;Cu:0.050000;Y:0.100000,4,39.61,1.53,11.29,0.27,2.85,8.16
SEM_120,Pr5Mg85Ni10,11.06,0.17,0.83,1.68,1.44,0.48,0.83,0.26,1.84,5.64,Pr:0.050000;Mg:0.850000;Ni:0.100000,3,33.58,1.57,6.88,0.19,2.45,4.31
SEM_121,Pr5Mg80Ni15,283.06,0,1,1.34,0.78,0.25,1,0.09,1.81,5.11,Pr:0.050000;Mg:0.800000;Ni:0.150000,3,35.30,1.55,8.28,0.22,2.65,5.10
SEM_122,Mg2.3Y0.1NiG,6.65,0.38,0.62,1.56,1.2,0.34,0.62,0.25,1.93,3.251,Mg:0.522727;Y:0.022727;Ni:0.227273;G:0.227273,4,,,,,,9.13
SEM_123,Mg2.3Y0.1NiG,8.76,0.54,0.46,2,1.48,0.44,0.46,0.18,1.78,3.101,Mg:0.522727;Y:0.022727;Ni:0.227273;G:0.227273,4,,,,,,9.13
SEM_124,LaMg2LaNi5,12.16,0.36,0.64,1.66,1.54,0.44,0.64,0.22,1.77,3.5,La:0.222222;Mg:0.222222;Ni:0.555556,3,68.89,1.47,17.91,0.36,4.44,8.27
SEM_125,LaMg2,7.65,0.59,0.41,2.1,1.36,0.48,0.41,0.18,1.75,5,La:0.333333;Mg:0.666667,2,62.51,1.69,7.73,0.10,2.33,5.29
SEM_126,Mg,10.39,0.53,0.47,1.65,1.35,0.32,0.47,0.17,1.71,4.6,Mg:1.000000,1,24.31,1.60,0.00,0.00,2.00,0.00
SEM_127,Mg,34.1,0.05,0.95,8.11,1.72,0.42,0.95,0.11,1.86,4.6,Mg:1.000000,1,24.31,1.60,0.00,0.00,2.00,0.00
SEM_128,Ti0.9Zr0.2Mn1.5Cr0.3V0.3 + La7Mg2.5Zr0.05(Ni0.85Co0.15)3.5,7.1,0.58,0.42,2.82,2.39,0.46,0.42,0.18,1.73,1.65,Ti:0.065455;Zr:0.018182;Mn:0.109091;Cr:0.021818;V:0.021818;La:0.509091;Mg:0.181818;Ni:0.061818;Co:0.010909,9,92.44,1.67,14.30,0.25,3.56,12.76
SEM_129,Ti0.9Zr0.2Mn1.5Cr0.3V0.3 ,9.68,0.47,0.53,2.29,1.6,0.45,0.53,0.15,1.86,1.6,Ti:0.281250;Zr:0.062500;Mn:0.468750;Cr:0.093750;V:0.093750,5,54.58,1.38,6.19,0.07,5.22,11.05
SEM_130,Mg93Ni5Si2 ,7.63,0.3,0.7,1.85,2.53,0.46,0.7,0.32,1.93,6.21,Mg:0.930000;Ni:0.050000;Si:0.020000,3,26.11,1.57,6.23,0.15,2.24,2.46
SEM_131,AB5PE,6.94,0.37,0.63,1.73,1.67,0.38,0.63,0.34,1.86,1.16,A:0.125000;B:0.625000;P:0.125000;E:0.125000,4,,,,,,8.93
SEM_132,AB5PMMA,14.6,0.37,0.63,1.86,1.74,0.41,0.63,0.21,1.77,1.3,A:0.200000;B:0.500000;P:0.100000;M:0.200000,4,,,,,,10.15
SEM_133,La1.8Ti0.2MgNi8.7Al0.3,10.21,0.37,0.63,1.68,1.23,0.37,0.63,0.34,1.86,1.21,La:0.150000;Ti:0.016667;Mg:0.083333;Ni:0.725000;Al:0.025000,5,66.90,1.38,16.96,0.31,5.11,7.36
SEM_134,La1.8Ti0.2MgNi8.7Al0.3,13.7,0.49,0.51,1.73,1.54,0.45,0.51,0.19,1.74,1.26,La:0.150000;Ti:0.016667;Mg:0.083333;Ni:0.725000;Al:0.025000,5,66.90,1.38,16.96,0.31,5.11,7.36
SEM_135,La1.8Ti0.2MgNi8.7Al0.3,8.52,0.13,0.87,1.58,3.58,0.43,0.87,0.33,1.8,1.31,La:0.150000;Ti:0.016667;Mg:0.083333;Ni:0.725000;Al:0.025000,5,66.90,1.38,16.96,0.31,5.11,7.36
SEM_136,CoCe2(MoO4)4,5,0.57,0.43,1.73,1.74,0.41,0.43,0.26,1.76,17.72,Co:0.125000;Ce:0.250000;Mo:0.125000;O:0.500000,4,62.39,1.23,31.38,0.99,5.40,10.09
SEM_137,Mg10V10Nb,7.92,0.5,0.5,1.84,2.22,0.52,0.5,0.2,1.74,4.5,Mg:0.476190;V:0.476190;Nb:0.047619,3,40.26,1.46,9.56,0.16,3.57,7.08
SEM_138,PEIS/NaAlH4,7.61,0.39,0.61,1.67,1.57,0.36,0.61,0.29,1.81,1.1,P:0.100000;E:0.100000;I:0.100000;S:0.100000;Na:0.100000;Al:0.100000;H:0.400000,7,,,,,,14.53
SEM_139,PEIS/MWCNT/NaAlH4,4.63,0.75,0.25,1.88,1.18,0.45,0.25,0.23,1.84,1.2,P:0.066667;E:0.066667;I:0.066667;S:0.066667;M:0.066667;W:0.066667;C:0.066667;N:0.066667;T:0.066667;Na:0.066667;Al:0.066667;H:0.266667,12,,,,,,19.44
SEM_140,Pani/NaAlH4,490.28,0,1,1.01,0.79,0.01,1,0.25,1.75,0.95,Pa:0.142857;Na:0.142857;Al:0.142857;H:0.571429,4,40.72,0.85,82.43,0.47,,9.59
SEM_141,Pani/TiO2/NaAlH4,302.77,0,1,1.33,0.78,0.25,1,0.3,1.84,0.32,Pa:0.100000;Ti:0.100000;O:0.200000;Na:0.100000;Al:0.100000;H:0.400000,6,36.49,0.92,66.71,0.77,,13.38
SEM_142,Co2B,15.22,0.15,0.85,1.88,2.28,0.47,0.85,0.05,1.76,1.74,Co:0.666667;B:0.333333,2,42.89,1.11,18.35,0.08,5.00,5.29
SEM_143,Co2BPd,7.52,0.38,0.62,1.71,1.93,0.42,0.62,0.3,1.84,1.9,Co:0.500000;B:0.250000;Pd:0.250000,3,58.77,1.17,17.95,0.13,5.25,8.64
SEM_144,Co2BPd,5.74,0.69,0.31,2.13,1.38,0.46,0.31,0.26,1.9,2.24,Co:0.500000;B:0.250000;Pd:0.250000,3,58.77,1.17,17.95,0.13,5.25,8.64
SEM_145,Co2BPd,14.89,0.38,0.62,2.72,1.02,0.46,0.62,0.18,1.81,1.4,Co:0.500000;B:0.250000;Pd:0.250000,3,58.77,1.17,17.95,0.13,5.25,8.64
SEM_146,Mg0.65Sc0.35,9.24,0.54,0.46,1.66,1.3,0.36,0.46,0.22,1.86,5.6,Mg:0.650000;Sc:0.350000,2,31.54,1.62,1.17,0.02,2.35,5.38
SEM_147,Mg0.65Sc0.35Pd0.024,9.48,0.35,0.65,1.97,1.83,0.43,0.65,0.23,1.92,5.6,Mg:0.634766;Sc:0.341797;Pd:0.023438,3,33.29,1.61,2.54,0.13,2.44,6.18
SEM_148,La4.5Ce0.5Ni4Co,6.67,0.37,0.63,1.61,1.1,0.38,0.63,0.29,1.89,1.474,La:0.450000;Ce:0.050000;Ni:0.400000;Co:0.100000,4,98.89,1.56,20.10,0.40,4.53,9.19
SEM_149,CeYLaNi4Co,6.01,0.54,0.46,2.1,1.84,0.52,0.46,0.24,1.78,1.111,Ce:0.125000;Y:0.125000;La:0.125000;Ni:0.500000;Co:0.125000,5,82.71,1.47,19.45,0.37,4.95,11.53
SEM_150,Mg0.65Sc0.35Pd0.024,9.38,0.55,0.45,1.66,1.11,0.37,0.45,0.25,1.91,5.6,Mg:0.634766;Sc:0.341797;Pd:0.023438,3,33.29,1.61,2.54,0.13,2.44,6.18
SEM_151,Mg0.80Sc0.20Pd0.024,12.11,0.42,0.58,2.21,0.79,0.46,0.58,0.21,1.82,5.6,Mg:0.781250;Sc:0.195312;Pd:0.023438,3,30.27,1.60,2.41,0.13,2.29,4.99
SEM_152,ZrCo,312.11,0,1,1.26,0.78,0.21,1,0.17,1.89,1.85,Zr:0.500000;Co:0.500000,2,75.08,1.43,12.32,0.28,5.00,5.76
SEM_153,Co0.9Cu0.1SiPd,5.16,0.52,0.48,1.62,2.11,0.35,0.48,0.27,1.72,2.73,Co:0.300000;Cu:0.033333;Si:0.333333;Pd:0.333333,4,64.63,1.26,7.22,0.15,5.17,10.04
SEM_154,MgH2TiO2C,15.86,0.45,0.55,3.67,1.79,0.56,0.55,0.16,1.81,6.6,Mg:0.142857;H:0.285714;Ti:0.142857;O:0.285714;C:0.142857,5,16.89,0.87,55.80,0.77,3.43,12.89
SEM_155,MgH2TiO2MnCo2O4.5,105.87,0.01,0.99,1.49,1.26,0.47,0.99,0.11,1.86,6.6,Mg:0.074074;H:0.148148;Ti:0.074074;O:0.481481;Mn:0.074074;Co:0.148148,6,26.00,0.98,39.56,0.85,4.81,12.44
SEM_156,GO,13.27,0.39,0.61,1.59,1.45,0.36,0.61,0.09,1.93,3.2,G:0.500000;O:0.500000,2,,,,,,5.76
SEM_157,SrMnO3SrCO3,25.45,0.07,0.93,3.83,0.84,0.5,0.93,0.08,1.85,0.95,Sr:0.200000;Mn:0.100000;O:0.600000;C:0.100000,4,33.82,1.18,43.24,1.04,5.00,9.05
SEM_158,TiCr1.2VFe0.6MnMoNb,9.89,0.15,0.85,1.86,3.23,0.47,0.85,0.24,1.84,1.32,Ti:0.147059;Cr:0.176471;V:0.147059;Fe:0.088235;Mn:0.147059;Mo:0.147059;Nb:0.147059,7,64.49,1.35,5.64,0.21,5.41,16.05
SEM_159,LaNi5Fe0,8.06,0.11,0.89,1.72,1.54,0.43,0.89,0.14,1.86,1.53,La:0.166667;Ni:0.833333;Fe:0.000000,3,72.08,1.35,17.46,0.30,5.50,3.75
SEM_160,BH4Al2,7.58,0.52,0.48,1.62,0.81,0.36,0.48,0.29,1.91,7.6,B:0.142857;H:0.571429;Al:0.285714,3,9.83,0.67,77.63,0.26,1.86,7.95
SEM_161,Ti1.092-xY0.08Fe0.8Mn0.2,7.47,0.3,0.7,1.72,1.43,0.42,0.7,0.28,1.83,1.84,Ti:0.502762;Y:0.036832;Fe:0.368324;Mn:0.092081,4,52.99,1.38,9.45,0.16,4.88,8.77
SEM_162,TiFeZr2V,7.84,0.15,0.85,3.19,1.48,0.37,0.85,0.01,1.83,1.7,Ti:0.200000;Fe:0.200000;Zr:0.400000;V:0.200000,4,67.43,1.44,10.18,0.19,4.60,11.08
SEM_163,LaNi0Fe0.5,8.17,0.47,0.53,1.75,1.72,0.38,0.53,0.34,1.91,1.51,La:0.666667;Ni:0.000000;Fe:0.333333,3,111.22,1.67,18.04,0.34,4.00,5.29
SEM_164,LaNi0.5Fe0.5,11.49,0.56,0.44,1.98,1.69,0.45,0.44,0.2,1.76,1.49,La:0.500000;Ni:0.250000;Fe:0.250000,3,98.09,1.56,20.35,0.39,4.50,8.64
SEM_165,TiFeMn,346.53,0,1,2.64,0.63,0.62,1,0.21,1.77,1.5,Ti:0.333333;Fe:0.333333;Mn:0.333333,3,52.90,1.35,6.66,0.13,5.33,9.13
SEM_166,Mg91Al5Y4Fe/C,7.78,0.6,0.4,1.75,1.7,0.43,0.4,0.21,1.73,5.77,Mg:0.892157;Al:0.049020;Y:0.039216;Fe:0.009804;C:0.009804,5,27.16,1.59,6.55,0.15,2.15,3.89
SEM_167,Ti1.5Zr0.5NiTi1.75Zr0.25Ni,6.37,0.42,0.58,1.67,1.2,0.33,0.58,0.34,1.74,2.17,Ti:0.541667;Zr:0.125000;Ni:0.333333,3,56.92,1.41,8.71,0.20,4.67,7.97
SEM_169,MgHNNb2O5C,106.19,0,1,1.32,0.79,0.24,1,0.32,1.74,6,Mg:0.090909;H:0.090909;N:0.090909;Nb:0.181818;O:0.454545;C:0.090909,6,28.83,0.98,36.49,0.82,,12.81
SEM_170,Mg2NiCu ,4.9,0.75,0.25,1.56,1.83,0.42,0.25,0.18,1.68,3.6,Mg:0.500000;Ni:0.250000;Cu:0.250000,3,42.72,1.43,11.88,0.30,2.75,8.64
SEM_171,MgVNiFeZn,9.16,0.4,0.6,1.62,1.1,0.36,0.6,0.24,1.87,2.36,Mg:0.200000;V:0.200000;Ni:0.200000;Fe:0.200000;Zn:0.200000,5,51.04,1.36,9.78,0.21,4.20,13.38
SEM_172,LaNi4Al,22.75,0.46,0.54,1.71,0.83,0.41,0.54,0.2,1.84,1.2,La:0.166667;Ni:0.666667;Al:0.166667,3,66.79,1.38,16.80,0.30,5.00,7.21
SEM_173,Mg7.8Ni2.2Gd,6.3,0.25,0.75,1.55,1.59,0.36,0.75,0.31,1.88,5.9,Mg:0.709091;Ni:0.200000;Gd:0.090909,3,43.28,1.55,10.43,0.25,2.89,6.52
SEM_175,LaNi4Co0.5Mn0.5,8.9,0.42,0.58,1.58,1.4,0.4,0.58,0.21,1.75,1.36,La:0.166667;Ni:0.666667;Co:0.083333;Mn:0.083333,4,71.78,1.36,17.17,0.30,5.50,8.17
SEM_176,Ti₀.₈Zr₀.₂₂Mn₁.₂₂Cr₀.₅₃VFe₀.₂₅,10.81,0.26,0.75,2.16,1.65,0.52,0.75,0.27,1.9,2.06,Ti:0.166667;Zr:0.166667;Mn:0.166667;Cr:0.166667;V:0.166667;Fe:0.166667,6,58.81,1.37,9.28,0.15,5.17,14.90
SEM_177,Ti₀.₈Zr₀.₂₂Mn₁.₂₂Cr₀.₅₃VFe₀.₂₅,6.95,0.25,0.75,2.13,1.22,0.48,0.75,0.29,1.87,2.06,Ti:0.166667;Zr:0.166667;Mn:0.166667;Cr:0.166667;V:0.166667;Fe:0.166667,6,58.81,1.37,9.28,0.15,5.17,14.90
SEM_178,MgH2FeNi2S4,10.41,0.3,0.7,1.74,2.11,0.43,0.7,0.29,1.85,1.92,Mg:0.100000;H:0.200000;Fe:0.100000;Ni:0.200000;S:0.400000,5,32.79,1.09,39.66,0.41,,12.23
SEM_179,MgH₂FeNi₂S₄,5.99,0.53,0.47,1.52,0.92,0.46,0.47,0.31,1.81,6.09,Mg:0.200000;H:0.200000;Fe:0.200000;Ni:0.200000;S:0.200000,5,34.39,1.12,40.69,0.42,,13.38
SEM_180,Mg₂Ni ,298.49,0,1,1.53,0.76,0.35,1,0.19,1.84,0.3,Mg:0.500000;Ni:0.500000,2,41.51,1.42,12.48,0.30,4.00,5.76
SEM_181,Mg₂Ni ,246.4,0,1,1.36,0.77,0.27,1,0.18,1.73,3.6,Mg:0.500000;Ni:0.500000,2,41.51,1.42,12.48,0.30,4.00,5.76
SEM_182,Mg₂Ni,258.4,0.01,0.99,2.8,0.51,0.64,0.99,0.23,1.79,3.6,Mg:0.500000;Ni:0.500000,2,41.51,1.42,12.48,0.30,4.00,5.76
SEM_183,N-G-Ca,7.09,0.36,0.64,2.53,1.36,0.44,0.64,0.21,1.77,1.8,N:0.333333;G:0.333333;Ca:0.333333,3,,,,,,9.13
SEM_184,O-G-Ca,9.87,0.48,0.52,1.44,1.2,0.27,0.52,0.23,1.88,2.1,O:0.333333;G:0.333333;Ca:0.333333,3,,,,,,9.13
SEM_185,PGCa,151.53,0.06,0.94,1.36,0.44,0.27,0.94,0.17,1.9,1.5,P:0.333333;G:0.333333;Ca:0.333333,3,,,,,,9.13
SEM_186,SiNi,7.28,0.07,0.93,1.53,2.01,0.38,0.93,0.31,1.84,0.81,Si:0.500000;Ni:0.500000,2,43.40,1.20,3.87,0.01,5.00,5.76
SEM_187,Si,5.49,0.78,0.22,2.54,2.18,0.46,0.22,0.14,1.73,0.2,Si:1.000000,1,28.09,1.15,0.00,0.00,4.00,0.00
SEM_188,Si ,3.84,0.38,0.62,1.64,1.65,0.38,0.62,0.13,1.82,0.32,Si:1.000000,1,28.09,1.15,0.00,0.00,4.00,0.00
SEM_189,CarbonRC1000 ,2.77,0.55,0.45,1.5,1.7,0.42,0.45,0.13,1.84,3.3,Ca:0.000998;R:0.000998;C:0.998004,3,,,,,,0.13
SEM_190,CarbonRC1000,4.58,0.61,0.39,1.88,1.72,0.42,0.39,0.2,1.81,2.5,Ca:0.000998;R:0.000998;C:0.998004,3,,,,,,0.13
SEM_191,CarbonRC2000,10.46,0.33,0.67,1.53,1.07,0.42,0.67,0.25,1.76,1.49,Ca:0.000500;R:0.000500;C:0.999001,3,,,,,,0.07
SEM_192,Mg ,7.22,0.22,0.78,1.72,1.27,0.39,0.78,0.24,1.84,1.49,Mg:1.000000,1,24.31,1.60,0.00,0.00,2.00,0.00
SEM_193,Mg ,244.82,0.01,0.99,1.05,0.77,0.05,0.99,0.14,1.83,4.42,Mg:1.000000,1,24.31,1.60,0.00,0.00,2.00,0.00
SEM_194,Mg ,16.62,0.5,0.5,2.35,1.8,0.39,0.5,0.09,1.78,6.98,Mg:1.000000,1,24.31,1.60,0.00,0.00,2.00,0.00
SEM_195,Mg ,13.19,0.53,0.47,4.58,2.69,0.59,0.47,0.12,1.8,5.5,Mg:1.000000,1,24.31,1.60,0.00,0.00,2.00,0.00
SEM_196,Ce₅Mg₈₅Ni₁₀ ,218.24,0,1,1.34,0.78,0.25,1,0.19,1.75,5.5,Ce:0.333333;Mg:0.333333;Ni:0.333333,3,74.38,1.56,15.30,0.34,3.87,9.13
SEM_197,Ti₁.₁Fe₀.₉Ni₀.₁ ,15.56,0.41,0.59,1.88,0.94,0.41,0.59,0.22,1.78,0.065,Ti:0.333333;Fe:0.333333;Ni:0.333333,3,54.15,1.32,7.81,0.16,5.33,9.13
SEM_198,Ti₁.₁Fe₀.₉Ni₀.₁,6.93,0.57,0.43,1.96,1.99,0.45,0.43,0.24,1.76,0.26,Ti:0.333333;Fe:0.333333;Ni:0.333333,3,54.15,1.32,7.81,0.16,5.33,9.13
SEM_199,Ti₁.₁Fe₀.₉Ni₀.₁ + 7.5 wt% Ni ,7.78,0.4,0.6,1.75,2.73,0.42,0.6,0.24,1.75,0.99,Ti:0.250000;Fe:0.250000;Ni:0.500000,3,55.29,1.30,7.24,0.15,5.50,8.64
SEM_200,Ti₁.₀₉Mg₀.₀₁Fe₀.₉Ni₀.₁ ,13.3,0.41,0.59,1.79,1.71,0.47,0.59,0.24,1.78,0.41,Ti:0.250000;Mg:0.250000;Fe:0.250000;Ni:0.250000,4,46.69,1.39,10.97,0.24,4.50,11.53
SEM_201,Ti₁.₀₉Mg₀.₀₁Fe₀.₉Ni₀.₁Ni ,10.48,0.44,0.56,1.71,1.83,0.45,0.56,0.27,1.77,1.06,Ti:0.200000;Mg:0.200000;Fe:0.200000;Ni:0.400000,4,49.10,1.36,10.85,0.24,4.80,11.08
SEM_202,TiFe ,59.99,0.35,0.65,2.7,0.42,0.5,0.65,0.11,1.69,1.4,Ti:0.500000;Fe:0.500000,2,51.87,1.35,8.15,0.15,5.00,5.76
SEM_203,TiFe1xMnxMn,7.9,0.44,0.56,2.03,1.5,0.53,0.56,0.22,1.78,1.9,Ti:0.250000;Fe:0.250000;Mn:0.500000,3,53.41,1.35,5.77,0.12,5.50,8.64
SEM_204,TiV0.9Mn1.1,10.53,0.8,0.2,4.37,3.21,0.64,0.2,0.01,1.58,1.9,Ti:0.333333;V:0.300000;Mn:0.366667,3,51.39,1.38,4.46,0.04,5.03,9.11
SEM_205,VOx-NTs,18.55,0.52,0.48,2.06,1.63,0.49,0.48,0.03,1.89,0.98,V:0.250000;Ox:0.250000;N:0.250000;Ts:0.250000,4,,,,,,11.53
SEM_206,MgCeNiAl,4.4,0.57,0.43,1.66,1.57,0.42,0.43,0.27,1.89,1.7,Mg:0.250000;Ce:0.250000;Ni:0.250000;Al:0.250000,4,62.53,1.53,13.99,0.30,3.65,11.53
SEM_207,Er2Ti2O7 ,5.67,0.85,0.15,3,1.36,0.57,0.15,0.13,1.51,1.27,Er:0.181818;Ti:0.181818;O:0.636364,3,49.30,1.15,31.00,0.99,5.09,7.55
SEM_208,MgH2NiO/C,8.2,0.57,0.43,1.97,1.16,0.44,0.43,0.11,1.76,6.21,Mg:0.166667;H:0.333333;Ni:0.166667;O:0.166667;C:0.166667,5,18.84,0.84,58.82,0.65,3.33,12.98
SEM_209,Mg/5%Ti ,10.7,0.11,0.89,1.3,4.46,0.52,0.89,0.16,1.82,5.2,Mg:0.500000;Ti:0.500000,2,36.11,1.53,4.56,0.12,3.00,5.76
SEM_210,LaNi4.5Al0.5 ,5.27,0.99,0.01,28.12,1.09,0.23,0.01,0.01,0.82,1.19,La:0.166667;Ni:0.750000;Al:0.083333,3,69.43,1.37,17.16,0.30,5.25,6.00
SEM_211,LaNi2.5Co2.4Al0.1 ,11.14,0.46,0.54,1.6,1.73,0.38,0.54,0.19,1.84,1.12,La:0.166667;Ni:0.416667;Co:0.400000;Al:0.016667,4,71.64,1.36,17.31,0.30,5.45,9.13
SEM_212,LaMmNi3.5Co0.7Al0.35Mn0.4Zr0.05,12.26,0.05,0.95,1.45,0.93,0.38,0.95,0.07,1.82,1.12,La:0.142857;Mm:0.142857;Ni:0.500000;Co:0.100000;Al:0.050000;Mn:0.057143;Zr:0.007143,7,,,,,,12.32
SEM_213,MmNi4.3Al0.2Mn0.5 ,30.2,0.05,0.95,1.95,5.31,0.31,0.95,0.12,1.77,1.12,Mm:0.166667;Ni:0.716667;Al:0.033333;Mn:0.083333,4,,,,,,7.13
SEM_214,LaNi4.5Al0.5 ,7.66,0.59,0.41,1.74,1.38,0.42,0.41,0.24,1.81,1.19,La:0.166667;Ni:0.750000;Al:0.083333,3,69.43,1.37,17.16,0.30,5.25,6.00
SEM_215,LaNi2.5Co2.4Al0.1 ,13.95,0.34,0.66,1.34,0.41,0.34,0.66,0.15,1.8,1.12,La:0.166667;Ni:0.416667;Co:0.400000;Al:0.016667,4,71.64,1.36,17.31,0.30,5.45,9.13
SEM_216,LaNi2.5Co2.4Al0.1,3.67,0.7,0.3,1.76,1.21,0.45,0.3,0.23,1.75,1.12,La:0.166667;Ni:0.416667;Co:0.400000;Al:0.016667,4,71.64,1.36,17.31,0.30,5.45,9.13
SEM_217,LaNi5 ,7.99,0.47,0.53,1.73,0.73,0.48,0.53,0.12,1.79,1.3,La:0.166667;Ni:0.833333,2,72.08,1.35,17.46,0.30,5.50,3.75
SEM_218,TiFeZr ,8.31,0.48,0.52,1.66,0.87,0.37,0.52,0.22,1.84,1.86,Ti:0.333333;Fe:0.333333;Zr:0.333333,3,64.99,1.44,10.36,0.20,4.67,9.13
SEM_219,TiFeZr ,11.24,0.36,0.64,1.68,0.73,0.39,0.64,0.23,1.81,1.86,Ti:0.333333;Fe:0.333333;Zr:0.333333,3,64.99,1.44,10.36,0.20,4.67,9.13
SEM_220,TiFeZr,4.8,0.62,0.38,1.65,1.36,0.42,0.38,0.27,1.74,1.86,Ti:0.333333;Fe:0.333333;Zr:0.333333,3,64.99,1.44,10.36,0.20,4.67,9.13
SEM_221,TiFeZr ,5.05,0.51,0.49,1.84,1.45,0.49,0.49,0.29,1.79,1.2,Ti:0.333333;Fe:0.333333;Zr:0.333333,3,64.99,1.44,10.36,0.20,4.67,9.13
SEM_222,MmNi4.2Al0.8,11.93,0.14,0.86,2.19,0.47,0.44,0.86,0.15,1.8,2.12,Mm:0.166667;Ni:0.700000;Al:0.133333,3,,,,,,6.79
SEM_223,GaN,8.32,0.57,0.43,1.89,1.04,0.45,0.43,0.22,1.85,4.95,Ga:0.500000;N:0.500000,2,41.86,1.14,22.54,0.62,,5.76
SEM_224,MgH2NiKNbO4,14,0.57,0.43,1.9,1.74,0.41,0.43,0.16,1.81,3.25,Mg:0.100000;H:0.200000;Ni:0.100000;K:0.100000;Nb:0.100000;O:0.400000,6,28.10,1.06,55.20,0.95,4.00,13.38
SEM_225,Mg2Ni ,24.98,0.55,0.45,2.05,0.71,0.45,0.45,0.12,1.79,2.5,Mg:0.666667;Ni:0.333333,2,35.78,1.48,11.30,0.28,3.33,5.29
SEM_226,Mg1.75Mn0.25Ni,6.22,0.51,0.49,1.6,1.07,0.39,0.49,0.31,1.85,2,Mg:0.583333;Mn:0.083333;Ni:0.333333,3,38.33,1.46,11.43,0.28,3.67,7.38
SEM_227,βTi-40Nb,11.79,0.38,0.62,2.36,1.08,0.46,0.62,0.16,1.92,1.8,Ti:0.500000;Nb:0.500000,2,70.40,1.45,1.12,0.03,4.50,5.76
SEM_228,βTi-40Nb ,15.54,0.68,0.32,1.48,6.62,0.68,0.32,0.07,1.46,1.7,Ti:0.500000;Nb:0.500000,2,70.40,1.45,1.12,0.03,4.50,5.76
SEM_229,βTi-40Nb,9.36,0.44,0.56,1.59,5.75,0.55,0.56,0.2,1.73,1.86,Ti:0.500000;Nb:0.500000,2,70.40,1.45,1.12,0.03,4.50,5.76
SEM_230,TiFe0.88Mn0.02,38.68,0.08,0.92,1.57,1.25,0.43,0.92,0.12,1.8,1.86,Ti:0.526316;Fe:0.463158;Mn:0.010526,3,51.65,1.36,8.05,0.14,4.95,6.17
SEM_231,TiFe0.86Mn0.02Cu0.02,38.68,0.08,0.92,1.57,1.25,0.43,0.92,0.12,1.8,1.86,Ti:0.526316;Fe:0.452632;Mn:0.010526;Cu:0.010526,4,51.74,1.36,8.02,0.15,4.89,6.59
SEM_232,LiBH4Al ,5.64,0.62,0.38,1.85,2.05,0.48,0.38,0.27,1.78,13.8,Li:0.142857;B:0.142857;H:0.571429;Al:0.142857,4,6.97,0.68,78.99,0.43,1.57,9.59
SEM_233,MgH2,21.52,0.46,0.54,1.52,1.16,0.46,0.54,0.17,1.83,7.6,Mg:0.333333;H:0.666667,2,8.78,0.70,90.94,0.42,1.33,5.29
SEM_234,MgH2Co@CNTs,8.82,0.16,0.84,1.65,2.45,0.5,0.84,0.27,1.8,7.6,Mg:0.142857;H:0.285714;Co:0.142857;C:0.142857;N:0.142857;Ts:0.142857,6,,,,,,14.53
SEM_235,Ho3Fe5O12/Mg2AlOH7 ,50.55,0.27,0.73,11.7,0.33,0.47,0.73,0.22,1.72,1.57,Ho:0.096774;Fe:0.161290;O:0.419355;Mg:0.064516;Al:0.032258;H:0.225806,6,34.34,0.95,49.93,0.86,4.23,12.54
SEM_236,Mg2AlOH7 ,15.38,0.86,0.14,1.77,0.8,0.6,0.14,0.12,1.26,0.79,Mg:0.181818;Al:0.090909;O:0.090909;H:0.636364,4,8.97,0.66,86.47,0.55,1.82,8.59
SEM_237,La0.8-xCe0.2Y0.2MgNi3.4Co0.4Al0.1 ,9.86,0.24,0.76,1.55,2.3,0.38,0.76,0.13,1.83,1.49,La:0.131148;Ce:0.032787;Y:0.032787;Mg:0.163934;Ni:0.557377;Co:0.065574;Al:0.016393,7,66.74,1.43,17.42,0.34,4.72,11.30
SEM_238,La0.8-xCe0.2Y0.1MgNi3.4Co0.4Al0.1,10.16,0.19,0.81,1.53,2.33,0.42,0.81,0.2,1.78,1.49,La:0.133333;Ce:0.033333;Y:0.016667;Mg:0.166667;Ni:0.566667;Co:0.066667;Al:0.016667,7,66.37,1.42,17.31,0.34,4.75,10.97
SEM_239,La0.78Ce0.22Ni3.950.4Co0.65Mn0.3Si0.1Al0.4,9.9,0.37,0.63,1.63,1.49,0.4,0.63,0.19,1.79,1.3,La:0.121875;Ce:0.034375;Ni:0.617188;Co:0.101562;Mn:0.046875;Si:0.015625;Al:0.062500,7,68.67,1.36,16.54,0.29,5.33,10.68
SEM_240,Mg2Cu,139.24,0,1,1.31,0.78,0.23,1,0.29,1.9,2.25,Mg:0.666667;Cu:0.333333,2,37.39,1.49,10.20,0.28,1.67,5.29
SEM_241,Mg2Cu/Pd,10.09,0.16,0.84,1.4,1.43,0.36,0.84,0.32,1.9,2.25,Mg:0.500000;Cu:0.250000;Pd:0.250000,3,54.64,1.46,9.67,0.38,2.75,8.64
SEM_242,TiCr2Zr,7.77,0.66,0.34,1.63,2.96,0.44,0.34,0.09,1.66,1.9,Ti:0.250000;Cr:0.500000;Zr:0.250000,3,60.78,1.39,10.79,0.13,5.00,8.64
SEM_243,MgH2Ni/C,302.28,0,1,1.32,0.78,0.24,1,0.35,1.83,6.01,Mg:0.200000;H:0.400000;Ni:0.200000;C:0.200000,4,19.41,0.82,65.21,0.41,2.80,11.08
SEM_244,LaNi5,36.77,0.07,0.93,1.72,0.5,0.46,0.93,0.25,1.86,1.3,La:0.166667;Ni:0.833333,2,72.08,1.35,17.46,0.30,5.50,3.75
SEM_245,La0.5Ce0.5Ni5,32.89,0.04,0.96,1.95,0.84,0.43,0.96,0.27,1.86,1.3,La:0.083333;Ce:0.083333;Ni:0.833333,3,72.18,1.35,16.79,0.30,5.55,4.71
SEM_246,TiFeZr ,20.18,0.49,0.51,4.37,0.68,0.51,0.51,0.19,1.75,1.9,Ti:0.333333;Fe:0.333333;Zr:0.333333,3,64.99,1.44,10.36,0.20,4.67,9.13
SEM_247,Ti24Cr17.5V50Fe8.5Ce1,8.26,0.65,0.35,2.29,1.67,0.43,0.35,0.11,1.71,3.8,Ti:0.237624;Cr:0.173267;V:0.495050;Fe:0.084158;Ce:0.009901,5,51.70,1.34,6.84,0.09,5.01,10.37
SEM_248,TiFeHf16,9.72,0.35,0.65,1.6,0.77,0.41,0.65,0.15,1.76,1.9,Ti:0.055556;Fe:0.055556;Hf:0.888889,3,164.42,1.55,5.15,0.13,4.11,3.54
SEM_249,BoronCr3FH40OBDC60,4.44,0.97,0.03,3.05,3.8,0.66,0.03,0.06,0.97,1.5,Bo:0.009259;Cr:0.027778;F:0.009259;H:0.370370;O:0.009259;B:0.009259;D:0.009259;C:0.555556,8,,,,,,8.40
SEM_250,Ti24Cr17.5V50Fe8.5Ce0.5,5.85,0.54,0.46,1.66,1.42,0.4,0.46,0.31,1.82,1.87,Ti:0.238806;Cr:0.174129;V:0.497512;Fe:0.084577;Ce:0.004975,5,51.26,1.34,6.36,0.08,5.01,10.22
SEM_251,Ti24Cr17.5V50Fe8.5Ce1,7.47,0.4,0.6,2.47,1.63,0.44,0.6,0.18,1.8,1.82,Ti:0.237624;Cr:0.173267;V:0.495050;Fe:0.084158;Ce:0.009901,5,51.70,1.34,6.84,0.09,5.01,10.37
SEM_252,MgCuNiY,8.01,0.34,0.66,1.73,1.44,0.42,0.66,0.17,1.81,4.8,Mg:0.250000;Cu:0.250000;Ni:0.250000;Y:0.250000,4,58.87,1.48,15.60,0.32,3.00,11.53
SEM_253,Mg₂Cu/MgCu₂,5.9,0.49,0.52,1.59,1.06,0.4,0.52,0.29,1.9,5.1,Mg:0.500000;Cu:0.500000,2,43.93,1.44,11.23,0.30,1.50,5.76
SEM_254,Mg–Zn,8.57,0.89,0.11,1.1,4.26,0.83,0.11,0.03,1.2,4.5,Mg:0.500000;Zn:0.500000,2,44.84,1.50,6.90,0.17,2.00,5.76
SEM_255,Mg₂FeH₆,9.4,0.6,0.4,2.26,1.07,0.49,0.4,0.18,1.81,6.9,Mg:0.333333;Fe:0.333333;H:0.333333,3,27.06,1.03,55.43,0.37,3.00,9.13
SEM_256,LaNi₅/La₂Ni₇/LaNi₃,5.6,0.51,0.49,1.72,1.34,0.43,0.49,0.28,1.8,1.6,La:0.500000;Ni:0.500000,2,98.81,1.56,20.26,0.41,4.50,5.76
SEM_257,Mg₂FeH₆,6.99,0.93,0.07,1.7,1.59,0.38,0.07,0.02,1.03,4.95,Mg:0.333333;Fe:0.333333;H:0.333333,3,27.06,1.03,55.43,0.37,3.00,9.13
SEM_258,Ti₀.₅V₁.₅,5.4,0.93,0.07,1.37,1.71,0.26,0.07,0.05,1.15,2.75,Ti:0.500000;V:0.500000,2,49.42,1.39,5.24,0.04,4.50,5.76
SEM_259,Ti₀.₅V₁.₄Co₀.₁,9.75,0.19,0.81,1.67,1.38,0.37,0.81,0.21,1.84,2.11,Ti:0.333333;V:0.333333;Co:0.333333,3,52.59,1.34,6.55,0.14,5.00,9.13
SEM_260,Ti₀.₅V₁.₃Co₀.₂,7.03,0.59,0.41,1.58,1.39,0.36,0.41,0.22,1.82,1.79,Ti:0.333333;V:0.333333;Co:0.333333,3,52.59,1.34,6.55,0.14,5.00,9.13
SEM_261,Ti₀.₅V₁.₂Co₀.₃,4.34,0.6,0.4,1.66,1.59,0.41,0.4,0.35,1.86,1.67,Ti:0.333333;V:0.333333;Co:0.333333,3,52.59,1.34,6.55,0.14,5.00,9.13
SEM_262,Zr₂Co₀.₅Fe₀.₂Ni₀.₂V₀.₁,38.56,0.02,0.98,1.84,8.6,0.63,0.98,0.23,1.82,2.1,Zr:0.200000;Co:0.200000;Fe:0.200000;Ni:0.200000;V:0.200000,5,63.13,1.33,10.39,0.22,5.40,13.38
SEM_263,TiFe₀.₈Mn₀.₂ ,19.96,0.39,0.61,1.65,0.64,0.45,0.61,0.07,1.88,1.64,Ti:0.333333;Fe:0.333333;Mn:0.333333,3,52.90,1.35,6.66,0.13,5.33,9.13
SEM_264,TiFe₀.₈Mn₀.₂ ,9.1,0.39,0.61,1.81,1.49,0.43,0.61,0.26,1.83,1.61,Ti:0.333333;Fe:0.333333;Mn:0.333333,3,52.90,1.35,6.66,0.13,5.33,9.13
SEM_265,Mg₅₀Ni₃₀Cu₂₀,3.71,0.69,0.31,1.61,1.66,0.41,0.31,0.3,1.82,3.4,Mg:0.333333;Ni:0.333333;Cu:0.333333,3,48.85,1.38,11.67,0.28,3.00,9.13
SEM_266,ZrV0.96Ni0.04,4.57,0.19,0.81,1.46,2.42,0.43,0.81,0.35,1.84,2,Zr:0.500000;V:0.480000;Ni:0.020000,3,71.24,1.46,9.94,0.16,4.52,6.46
SEM_267,ZrV₁0.90Ni0.10,3.88,0.34,0.66,1.51,1.37,0.41,0.66,0.36,1.84,1.8,Zr:0.476190;V:0.476190;Ni:0.047619,3,70.49,1.45,10.14,0.17,4.57,7.08
SEM_268,ZrV0.80Ni0.20,9.09,0.66,0.34,2.08,1.03,0.36,0.34,0.16,1.69,1.6,Zr:0.500000;V:0.400000;Ni:0.100000,3,71.86,1.45,10.44,0.19,4.60,7.84
SEM_269,ZrV0.7Ni0.3,31.55,0.23,0.77,3.3,0.63,0.43,0.77,0.2,1.78,1.4,Zr:0.500000;V:0.350000;Ni:0.150000,3,72.25,1.45,10.73,0.21,4.65,8.30
SEM_270,ZrV0.75Ni0.5 ,18.57,0.25,0.75,2.56,0.77,0.45,0.75,0.25,1.8,1.2,Zr:0.444444;V:0.333333;Ni:0.222222,3,70.57,1.43,11.09,0.23,4.78,8.82
SEM_271,Ti₁.₁REFe₀.₈Mn₀.₂ ,9.37,0.37,0.63,1.9,1.3,0.43,0.63,0.22,1.84,1.76,Ti:0.200000;R:0.200000;E:0.200000;Fe:0.200000;Mn:0.200000,5,,,,,,13.38
SEM_272,Cr3F(H2O)2O(BDC)3,6.63,0.63,0.37,2.17,1.53,0.47,0.37,0.27,1.9,9.05,Cr:0.272727;F:0.090909;H:0.181818;O:0.181818;B:0.090909;D:0.090909;C:0.090909,7,,,,,,15.35
SEM_273,MgH₂Ni₂MgY,6.53,0.45,0.55,2.02,1.22,0.48,0.55,0.3,1.91,5,Mg:0.400000;H:0.200000;Ni:0.200000;Y:0.200000,4,39.45,1.30,42.67,0.39,2.80,11.08
SEM_274,"TiNi₀.₈₇₅Zr₀.₁₂₅, TiNi₀.₇₅Fe₀.₂₅, TiNi₀.₇₅Fe₀.₁₂₅Zr₀.₁₂₅",7.09,0.41,0.59,2.08,1.38,0.47,0.59,0.29,1.91,0.51,Ti:0.300000;Ni:0.300000;Zr:0.200000;Fe:0.200000,4,61.40,1.38,10.53,0.22,5.00,11.36
SEM_275,h-BN,5.1,0.7,0.3,1.98,1.76,0.45,0.3,0.25,1.87,7.3,B:0.500000;N:0.500000,2,12.41,0.85,3.53,0.50,,5.76
SEM_276,Zr₂Co₀.₉Fe₀.₁,9.19,0.23,0.77,1.73,1.55,0.41,0.77,0.27,1.8,2.12,Zr:0.333333;Co:0.333333;Fe:0.333333,3,68.67,1.36,12.31,0.25,5.33,9.13
SEM_277,Mg₂NiH₄MWCNTs/TiF₃,182.14,0,1,1.43,0.77,0.3,1,0.31,1.82,3.6,Mg:0.100000;Ni:0.100000;H:0.100000;M:0.100000;W:0.100000;C:0.100000;N:0.100000;Ts:0.100000;Ti:0.100000;F:0.100000,10,,,,,,19.14
SEM_278,MgH₂,20.24,0.3,0.7,1.22,2.01,0.48,0.7,0.08,1.76,10.7,Mg:0.500000;H:0.500000,2,12.66,0.93,72.99,0.45,1.50,5.76
SEM_279,Si,10.1,0.62,0.38,2.32,0.89,0.59,0.38,0.15,1.8,2.62,Si:1.000000,1,28.09,1.15,0.00,0.00,4.00,0.00
SEM_280,Ti₀.₆₇Nb₀.₁₃Fe₀.₂₀,12.35,0.25,0.75,1.99,1.46,0.42,0.75,0.21,1.83,2.32,Ti:0.333333;Nb:0.333333;Fe:0.333333,3,65.55,1.38,7.05,0.12,5.00,9.13
SEM_281,Re/Ni ,11.78,0.53,0.47,1.57,2.18,0.42,0.47,0.24,1.78,3.65,Re:0.500000;Ni:0.500000,2,122.46,1.31,4.93,0.01,6.00,5.76
SEM_282,Ir/Ni ,17.77,0.56,0.44,2.12,0.67,0.42,0.44,0.07,1.79,2.43,Ir:0.500000;Ni:0.500000,2,125.46,1.30,4.28,0.15,6.00,5.76
SEM_283,ZrV₂Ni,106.72,0.02,0.98,1.51,0.74,0.34,0.98,0.12,1.57,1.76,Zr:0.333333;V:0.333333;Ni:0.333333,3,66.96,1.39,11.11,0.24,5.00,9.13
SEM_284,Ti₁.₁REFe₀.₈Mn₀.₂ ,12.99,0.77,0.24,2.89,0.87,0.49,0.24,0.08,1.48,6.67,Ti:0.200000;R:0.200000;E:0.200000;Fe:0.200000;Mn:0.200000,5,,,,,,13.38
SEM_285,CoB ,10.83,0.55,0.45,1.92,0.99,0.45,0.45,0.17,1.87,3.4,Co:0.500000;B:0.500000,2,34.87,1.04,20.81,0.08,4.50,5.76
SEM_286,Mg₂NiCu ,6.65,0.58,0.42,1.78,1.21,0.4,0.42,0.23,1.84,2.75,Mg:0.333333;Ni:0.333333;Cu:0.333333,3,48.85,1.38,11.67,0.28,3.00,9.13
SEM_287,TiVNiCo,7.19,0.44,0.56,1.92,1.88,0.44,0.56,0.23,1.78,2.1,Ti:0.250000;V:0.250000;Ni:0.250000;Co:0.250000,4,54.12,1.32,6.60,0.16,5.25,11.53
SEM_288,Zr₂Co₀.₅Fe₀.₂Ni₀.₂V₀.₁ ,278.63,0,1,1.2,0.79,0.17,1,0.24,1.78,1.64,Zr:0.200000;Co:0.200000;Fe:0.200000;Ni:0.200000;V:0.200000,5,63.13,1.33,10.39,0.22,5.40,13.38
SEM_289,TiFe₀.₈Mn₀.₂,4.35,0.84,0.16,1.98,1.77,0.46,0.16,0.17,1.72,1.61,Ti:0.333333;Fe:0.333333;Mn:0.333333,3,52.90,1.35,6.66,0.13,5.33,9.13
SEM_290,MgH2Ni9Mg2Y,9.05,0.46,0.54,1.65,1.55,0.38,0.54,0.28,1.9,5,Mg:0.200000;H:0.133333;Ni:0.600000;Y:0.066667,4,46.15,1.22,34.50,0.31,4.33,8.96
SEM_291,MgH2Ni,10.16,0.5,0.5,1.64,1.19,0.39,0.5,0.21,1.84,5.4,Mg:0.250000;H:0.500000;Ni:0.250000,3,21.26,0.84,71.71,0.36,2.50,8.64
SEM_292,PtCoNi,9.08,0.65,0.35,1.44,0.96,0.37,0.35,0.17,1.73,4.3,Pt:0.333333;Co:0.333333;Ni:0.333333,3,104.24,1.29,5.05,0.18,6.00,9.13
SEM_293,MgH₂Ni9Mg2Y ,9.2,0.44,0.56,1.83,1.28,0.47,0.56,0.26,1.83,5,Mg:0.214286;H:0.071429;Ni:0.642857;Y:0.071429,4,49.37,1.29,26.61,0.30,4.57,8.24
SEM_294,MgH₂Ni ,11.1,0.72,0.28,1.68,1.06,0.36,0.28,0.14,1.64,7.93,Mg:0.333333;H:0.333333;Ni:0.333333,3,28.01,1.03,55.40,0.37,3.00,9.13
SEM_295,Pt-CoPt-Ni ,47.07,0.11,0.89,2.32,0.42,0.5,0.89,0.11,1.92,0.46,Pt:0.500000;Co:0.250000;Ni:0.250000,3,126.96,1.32,5.26,0.19,6.00,8.64
SEM_296,MgNiCu ,9.19,0.46,0.54,1.87,2.51,0.46,0.54,0.23,1.8,3.4,Mg:0.333333;Ni:0.333333;Cu:0.333333,3,48.85,1.38,11.67,0.28,3.00,9.13
SEM_297,TiVNiCo ,8.15,0.63,0.37,1.74,1.87,0.43,0.37,0.24,1.71,2.75,Ti:0.250000;V:0.250000;Ni:0.250000;Co:0.250000,4,54.12,1.32,6.60,0.16,5.25,11.53
SEM_298,Zr₂Co₀.₅Fe₀.₂Ni₀.₂V₀.₁ ,25.43,0.03,0.97,2.07,4.71,0.44,0.97,0.21,1.81,2.1,Zr:0.200000;Co:0.200000;Fe:0.200000;Ni:0.200000;V:0.200000,5,63.13,1.33,10.39,0.22,5.40,13.38
SEM_299,TiFe₀.₈Mn₀.₂ ,11.86,0.76,0.24,1.75,1.68,0.42,0.24,0.11,1.59,1.64,Ti:0.333333;Fe:0.333333;Mn:0.333333,3,52.90,1.35,6.66,0.13,5.33,9.13
SEM_300,Ti-Nb-Fe0.00,9.12,0.62,0.38,6.08,0.92,0.38,0.38,0.23,1.57,2.62,Ti:0.500000;Nb:0.500000;Fe:0.000000,3,70.40,1.45,1.12,0.03,4.50,5.76
SEM_301,Ti-Nb-Fe0.01,7.05,0.42,0.58,2.48,1.64,0.47,0.58,0.21,1.7,2.5,Ti:0.497512;Nb:0.497512;Fe:0.004975,3,70.33,1.44,1.50,0.04,4.51,6.00
SEM_302,Ti-Nb-Fe0.13,6.43,0.66,0.34,2.37,1.81,0.51,0.34,0.22,1.72,2.45,Ti:0.469484;Nb:0.469484;Fe:0.061033,3,69.51,1.43,3.58,0.07,4.59,7.32
SEM_303,Ti-Nb-Fe0.20,4.93,0.65,0.35,1.77,1.36,0.44,0.35,0.32,1.83,2.4,Ti:0.454545;Nb:0.454545;Fe:0.090909,3,69.08,1.43,4.25,0.08,4.64,7.77
SEM_304,Zr₂Co₀.₅Fe₀.₂Ni₀.₂V₀.₁,203.83,0,1,1.47,0.77,0.32,1,0.23,1.81,2.1,Zr:0.200000;Co:0.200000;Fe:0.200000;Ni:0.200000;V:0.200000,5,63.13,1.33,10.39,0.22,5.40,13.38